<?xml version="1.0" encoding="UTF-8" standalone="yes"?>
<addon id="repository.skydarks" name="SkyDark Repository" version="7.1.7" provider-name="Team SkyDark">
	<extension point="xbmc.addon.repository" name="Skydark's Repository">
		<dir>
			<info compressed="false">https://raw.githubusercontent.com/totalrevolution/python-koding/master/zips/addons.xml</info>
			<checksum>https://raw.githubusercontent.com/totalrevolution/python-koding/master/zips/addons.xml.md5</checksum>
			<datadir zip="true">https://raw.githubusercontent.com/totalrevolution/python-koding/master/zips/</datadir>
		</dir>
		    <dir>
                <info compressed="false">https://raw.githubusercontent.com/teamuniversal/scrapers/master/_modules4all/zips/addons.xml</info>
                <checksum>https://raw.githubusercontent.com/teamuniversal/scrapers/master/_modules4all/zips/addons.xml.md5</checksum>
                <datadir zip="true">https://raw.githubusercontent.com/teamuniversal/scrapers/master/_modules4all/zips/</datadir>
            </dir>
		<info compressed="false">http://skydarks.com/skydarks/addons.xml</info>
		<checksum>http://skydarks.com/skydarks/addons.xml.md5</checksum>
		<datadir zip="true">http://skydarks.com/files/</datadir>
	</extension>
	<extension point="xbmc.addon.metadata">
		<summary></summary>
		<description></description>
		<platform>all</platform>
	</extension>
</addon>

