<?xml version="1.0" encoding="UTF-8" standalone="yes"?>
<addon id="repository.kodiazor" name="[COLOR orange]Kodiazor.Repo[/COLOR]" version="0.1" provider-name="Kodiazor">
	<extension point="xbmc.addon.repository" name="Kodiazor">
		<info compressed="false">http://kodiazorteam.website/Repo%20Kodiazor/plugins/addons.xml</info>
		<checksum>http://kodiazorteam.website/Repo%20Kodiazor/plugins/addons.xml.md5</checksum>
		<datadir zip="true">http://kodiazorteam.website/Repo%20Kodiazor/plugins</datadir>
	</extension>
	<extension point="xbmc.addon.metadata">
		<summary>Kodiazor.Repo</summary>
		<description>Kodiazor.Repo</description>
		<platform>all</platform>
	</extension>
</addon>

