<?xml version="1.0" encoding="UTF-8"?>
    <addon id="repository.eggman" name="Eggman" version="0.0.9" provider-name="Eggman">
        <requires>
            <import addon="xbmc.addon" version="12.0.0"/>
        </requires>
        <extension point="xbmc.addon.repository" name="Eggman">
            <info compressed="false">https://raw.githubusercontent.com/eggman19/eggman/master/_files/addons.xml</info>
            <checksum>https://raw.githubusercontent.com/eggman19/eggman/master/_files/addons.xml.md5</checksum>
            <datadir zip="true">https://raw.githubusercontent.com/eggman19/eggman/master/_files/</datadir>
            <hashes>false</hashes>
        </extension>
        <extension point="xbmc.addon.metadata">
            <summary>Eggman Repo</summary>
            <description>Eggman Repo</description>
            <platform>all</platform>
    </extension>
</addon>