<?xml version="1.0" encoding="UTF-8" standalone="yes"?>
<addon id="repository.akuiraz" name="akuiraz repo" version="0.0.1" provider-name="akuiraz">
	<extension point="xbmc.addon.repository" name="Example Repository">
		<dir>
            <info compressed="false">https://raw.githubusercontent.com/akuiraz/repository.akuiraz/master/zips/addons.xml</info>
            <checksum>https://raw.githubusercontent.com/akuiraz/repository.akuiraz/master/zips/addons.xml.md5</checksum>
            <datadir zip="true">https://raw.githubusercontent.com/akuiraz/repository.akuiraz/master/zips/</datadir>
        </dir>
	</extension>
	<extension point="xbmc.addon.metadata">
		<summary>repository.akuiraz</summary>
		<description>akuiraz repo</description>
		<disclaimer></disclaimer>
		<platform>all</platform>
        <assets>
            <icon>icon.png</icon>
            <fanart>fanart.jpg</fanart>
        </assets>
	</extension>
</addon>